Ref_deg,Ku,Tu_s,Kp,Ti_s,Td_s,Ki,Kd
15.0,1.7378,1.2154,1.0427,0.6077,0.1519,1.71581,0.15841
